"111年度臺灣鯨豚族群調查計畫","2022","03","15","目視調查","121.91832","25.29699","基隆市","種","偽虎鯨","偽虎鯨","Pseudorca crassidens","","8-10","隻","Animalia","動物界","Chordata","脊索動物門","Mammalia","哺乳綱","Artiodactyla","偶蹄目","Delphinidae","海豚科","Pseudorca","偽虎鯨屬"
"111年度臺灣鯨豚族群調查計畫","2022","03","15","目視調查","122.05455","25.52609","基隆市","屬","瓶鼻海豚","瓶鼻海豚","Tursiops spp.","","4-5","隻","Animalia","動物界","Chordata","脊索動物門","Mammalia","哺乳綱","Artiodactyla","偶蹄目","Delphinidae","海豚科","Tursiops","寬吻海豚屬"
"111年度臺灣鯨豚族群調查計畫","2022","03","15","目視調查","122.08594","25.47221","基隆市","屬","瓶鼻海豚","瓶鼻海豚","Tursiops spp.","","6-7","隻","Animalia","動物界","Chordata","脊索動物門","Mammalia","哺乳綱","Artiodactyla","偶蹄目","Delphinidae","海豚科","Tursiops","寬吻海豚屬"
"111年度臺灣鯨豚族群調查計畫","2022","03","15","目視調查","121.89829","25.32409","基隆市","目","未知鯨豚","未知鯨豚","Unknown","","6-7","隻","Animalia","動物界","Chordata","脊索動物門","Mammalia","哺乳綱","Artiodactyla","偶蹄目","","","",""
"111年度臺灣鯨豚族群調查計畫","2022","03","15","目視調查","121.91433","25.31285","基隆市","種","真瓶鼻海豚","真瓶鼻海豚","Tursiops truncatus","","10-12","隻","Animalia","動物界","Chordata","脊索動物門","Mammalia","哺乳綱","Artiodactyla","偶蹄目","Delphinidae","海豚科","Tursiops","寬吻海豚屬"
"111年度臺灣鯨豚族群調查計畫","2022","03","15","目視調查","121.89214","25.29479","基隆市","屬","真海豚","真海豚","Common dolphin (Delphinus spp.)","","150-200","隻","Animalia","動物界","Chordata","脊索動物門","Mammalia","哺乳綱","Artiodactyla","偶蹄目","Delphinidae","海豚科","Delphinus","海豚屬"
"111年度臺灣鯨豚族群調查計畫","2022","06","04","目視調查","122.05586","25.43672","基隆市","屬","瓶鼻海豚","瓶鼻海豚","Tursiops spp.","","3-4","隻","Animalia","動物界","Chordata","脊索動物門","Mammalia","哺乳綱","Artiodactyla","偶蹄目","Delphinidae","海豚科","Tursiops","寬吻海豚屬"
"111年度臺灣鯨豚族群調查計畫","2022","06","04","目視調查","122.05229","25.42350","基隆市","屬","瓶鼻海豚","瓶鼻海豚","Tursiops spp.","","無法判斷","隻","Animalia","動物界","Chordata","脊索動物門","Mammalia","哺乳綱","Artiodactyla","偶蹄目","Delphinidae","海豚科","Tursiops","寬吻海豚屬"
"111年度臺灣鯨豚族群調查計畫","2022","06","04","目視調查","122.03475","25.41655","基隆市","屬","瓶鼻海豚","瓶鼻海豚","Tursiops spp.","","無法判斷","隻","Animalia","動物界","Chordata","脊索動物門","Mammalia","哺乳綱","Artiodactyla","偶蹄目","Delphinidae","海豚科","Tursiops","寬吻海豚屬"
"111年度臺灣鯨豚族群調查計畫","2022","06","04","目視調查","122.03441","25.40821","基隆市","屬","瓶鼻海豚","瓶鼻海豚","Tursiops spp.","","20-30","隻","Animalia","動物界","Chordata","脊索動物門","Mammalia","哺乳綱","Artiodactyla","偶蹄目","Delphinidae","海豚科","Tursiops","寬吻海豚屬"
"111年度臺灣鯨豚族群調查計畫","2022","06","04","目視調查","122.05054","25.41019","基隆市","屬","瓶鼻海豚","瓶鼻海豚","Tursiops spp.","","40-50","隻","Animalia","動物界","Chordata","脊索動物門","Mammalia","哺乳綱","Artiodactyla","偶蹄目","Delphinidae","海豚科","Tursiops","寬吻海豚屬"
"111年度臺灣鯨豚族群調查計畫","2022","06","04","目視調查","122.09813","25.41165","基隆市","屬","瓶鼻海豚","瓶鼻海豚","Tursiops spp.","","無法判斷","隻","Animalia","動物界","Chordata","脊索動物門","Mammalia","哺乳綱","Artiodactyla","偶蹄目","Delphinidae","海豚科","Tursiops","寬吻海豚屬"
"111年度臺灣鯨豚族群調查計畫","2022","06","04","目視調查","121.85580","25.28032","基隆市","目","未知鯨豚","未知鯨豚","Unknown","","4-5","隻","Animalia","動物界","Chordata","脊索動物門","Mammalia","哺乳綱","Artiodactyla","偶蹄目","","","",""
"111年度臺灣鯨豚族群調查計畫","2022","07","06","目視調查","122.00491","24.84138","宜蘭縣","屬","小抹香鯨屬","小抹香鯨屬","Kogia spp.","","無法判斷","隻","Animalia","動物界","Chordata","脊索動物門","Mammalia","哺乳綱","Artiodactyla","偶蹄目","Kogiidae","小抹香鯨科","Kogia","小抹香鯨屬"
"111年度臺灣鯨豚族群調查計畫","2022","07","06","目視調查","121.92465","24.77249","宜蘭縣","種","長吻飛旋海豚","長吻飛旋海豚","Stenella longirostris","","40-50","隻","Animalia","動物界","Chordata","脊索動物門","Mammalia","哺乳綱","Artiodactyla","偶蹄目","Delphinidae","海豚科","Stenella","原海豚屬"
"111年度臺灣鯨豚族群調查計畫","2022","07","26","目視調查","121.83009","25.18917","基隆市","屬","真海豚","真海豚","Common dolphin (Delphinus spp.)","","150-200","隻","Animalia","動物界","Chordata","脊索動物門","Mammalia","哺乳綱","Artiodactyla","偶蹄目","Delphinidae","海豚科","Delphinus","海豚屬"
"111年度臺灣鯨豚族群調查計畫","2022","07","26","目視調查","121.93710","25.26397","基隆市","目","未知鯨豚","未知鯨豚","Unknown","","1","隻","Animalia","動物界","Chordata","脊索動物門","Mammalia","哺乳綱","Artiodactyla","偶蹄目","","","",""
"111年度臺灣鯨豚族群調查計畫","2022","07","26","目視調查","121.93710","25.26397","基隆市","種","瓶鼻海豚","瓶鼻海豚","Tursiops spp.","","80-100","隻","Animalia","動物界","Chordata","脊索動物門","Mammalia","哺乳綱","Artiodactyla","偶蹄目","Delphinidae","海豚科","Tursiops","寬吻海豚屬"
"111年度臺灣鯨豚族群調查計畫","2022","07","26","目視調查","122.11262","25.52015","基隆市","屬","瓶鼻海豚","瓶鼻海豚","Tursiops spp.","","1","隻","Animalia","動物界","Chordata","脊索動物門","Mammalia","哺乳綱","Artiodactyla","偶蹄目","Delphinidae","海豚科","Tursiops","寬吻海豚屬"
"111年度臺灣鯨豚族群調查計畫","2022","07","26","目視調查","122.12775","25.52047","基隆市","屬","瓶鼻海豚","瓶鼻海豚","Tursiops spp.","","20-30","隻","Animalia","動物界","Chordata","脊索動物門","Mammalia","哺乳綱","Artiodactyla","偶蹄目","Delphinidae","海豚科","Tursiops","寬吻海豚屬"
"111年度臺灣鯨豚族群調查計畫","2022","07","26","目視調查","122.13806","25.53350","基隆市","屬","瓶鼻海豚","瓶鼻海豚","Tursiops spp.","","3-5","隻","Animalia","動物界","Chordata","脊索動物門","Mammalia","哺乳綱","Artiodactyla","偶蹄目","Delphinidae","海豚科","Tursiops","寬吻海豚屬"
"111年度臺灣鯨豚族群調查計畫","2022","07","26","目視調查","122.10949","25.54915","基隆市","種","偽虎鯨","偽虎鯨","Pseudorca crassidens","","5-8","隻","Animalia","動物界","Chordata","脊索動物門","Mammalia","哺乳綱","Artiodactyla","偶蹄目","Delphinidae","海豚科","Pseudorca","偽虎鯨屬"
"111年度臺灣鯨豚族群調查計畫","2022","08","09","目視調查","121.53719","23.48619","花蓮縣","種","長吻飛旋海豚","長吻飛旋海豚","Stenella longirostris","","100-150","隻","Animalia","動物界","Chordata","脊索動物門","Mammalia","哺乳綱","Artiodactyla","偶蹄目","Delphinidae","海豚科","Stenella","原海豚屬"
"111年度臺灣鯨豚族群調查計畫","2022","08","09","目視調查","121.58558","23.49011","花蓮縣","種","侏儒抹香鯨","侏儒抹香鯨","Kogia sima","","2","隻","Animalia","動物界","Chordata","脊索動物門","Mammalia","哺乳綱","Artiodactyla","偶蹄目","Kogiidae","小抹香鯨科","Kogia","小抹香鯨屬"
"111年度臺灣鯨豚族群調查計畫","2022","08","09","目視調查","121.59228","23.49600","花蓮縣","種","瑞氏海豚","瑞氏海豚","Grampus griseus","","3-5","隻","Animalia","動物界","Chordata","脊索動物門","Mammalia","哺乳綱","Artiodactyla","偶蹄目","Delphinidae","海豚科","Grampus","灰海豚屬"
"111年度臺灣鯨豚族群調查計畫","2022","08","09","目視調查","121.63288","23.48750","花蓮縣","種","瑞氏海豚","瑞氏海豚","Grampus griseus","","10-20","隻","Animalia","動物界","Chordata","脊索動物門","Mammalia","哺乳綱","Artiodactyla","偶蹄目","Delphinidae","海豚科","Grampus","灰海豚屬"
"111年度臺灣鯨豚族群調查計畫","2022","08","09","目視調查","121.66664","23.53506","花蓮縣","種","瑞氏海豚","瑞氏海豚","Grampus griseus","",">10","隻","Animalia","動物界","Chordata","脊索動物門","Mammalia","哺乳綱","Artiodactyla","偶蹄目","Delphinidae","海豚科","Grampus","灰海豚屬"
"111年度臺灣鯨豚族群調查計畫","2022","08","09","目視調查","121.66550","23.52192","花蓮縣","科","喙鯨科","喙鯨科","Ziphiidae","","4-5","隻","Animalia","動物界","Chordata","脊索動物門","Mammalia","哺乳綱","Artiodactyla","偶蹄目","Ziphiidae","喙鯨科","",""
"111年度臺灣鯨豚族群調查計畫","2022","08","09","目視調查","121.66136","23.51634","花蓮縣","目","未知鯨豚","未知鯨豚","Unknown","","無法判斷","隻","Animalia","動物界","Chordata","脊索動物門","Mammalia","哺乳綱","Artiodactyla","偶蹄目","","","",""
"111年度臺灣鯨豚族群調查計畫","2022","08","09","目視調查","121.63553","23.53106","花蓮縣","種","瑞氏海豚","瑞氏海豚","Grampus griseus","","70-80","隻","Animalia","動物界","Chordata","脊索動物門","Mammalia","哺乳綱","Artiodactyla","偶蹄目","Delphinidae","海豚科","Grampus","灰海豚屬"
"111年度臺灣鯨豚族群調查計畫","2022","08","09","目視調查","121.57518","23.58043","花蓮縣","目","未知鯨豚","未知鯨豚","Unknown","","1","隻","Animalia","動物界","Chordata","脊索動物門","Mammalia","哺乳綱","Artiodactyla","偶蹄目","","","",""
"111年度臺灣鯨豚族群調查計畫","2022","08","09","目視調查","121.62494","23.66329","花蓮縣","種","瑞氏海豚","瑞氏海豚","Grampus griseus","","10-15","隻","Animalia","動物界","Chordata","脊索動物門","Mammalia","哺乳綱","Artiodactyla","偶蹄目","Delphinidae","海豚科","Grampus","灰海豚屬"
"111年度臺灣鯨豚族群調查計畫","2022","08","09","目視調查","121.71421","23.92043","花蓮縣","種","熱帶斑海豚","熱帶斑海豚","Stenella attenuata","","70-80","隻","Animalia","動物界","Chordata","脊索動物門","Mammalia","哺乳綱","Artiodactyla","偶蹄目","Delphinidae","海豚科","Stenella","原海豚屬"
"111年度臺灣鯨豚族群調查計畫","2022","08","09","目視調查","121.70680","23.93421","花蓮縣","種","瑞氏海豚","瑞氏海豚","Grampus griseus","","15-20","隻","Animalia","動物界","Chordata","脊索動物門","Mammalia","哺乳綱","Artiodactyla","偶蹄目","Delphinidae","海豚科","Grampus","灰海豚屬"
"111年度臺灣鯨豚族群調查計畫","2022","08","09","目視調查","121.71073","23.94734","花蓮縣","種","瑞氏海豚","瑞氏海豚","Grampus griseus","",">18","隻","Animalia","動物界","Chordata","脊索動物門","Mammalia","哺乳綱","Artiodactyla","偶蹄目","Delphinidae","海豚科","Grampus","灰海豚屬"
"111年度臺灣鯨豚族群調查計畫","2022","08","09","目視調查","121.70842","23.95681","花蓮縣","種","短肢領航鯨","短肢領航鯨","Globicephala macrorhynchus","","20-30","隻","Animalia","動物界","Chordata","脊索動物門","Mammalia","哺乳綱","Artiodactyla","偶蹄目","Delphinidae","海豚科","Globicephala","領航鯨屬"
"111年度臺灣鯨豚族群調查計畫","2022","08","10","目視調查","121.64551","23.94837","花蓮縣","種","長吻飛旋海豚","長吻飛旋海豚","Stenella longirostris","","150-200","隻","Animalia","動物界","Chordata","脊索動物門","Mammalia","哺乳綱","Artiodactyla","偶蹄目","Delphinidae","海豚科","Stenella","原海豚屬"
"111年度臺灣鯨豚族群調查計畫","2022","08","10","目視調查","121.65678","23.93223","花蓮縣","種","瑞氏海豚","瑞氏海豚","Grampus griseus","","20-30","隻","Animalia","動物界","Chordata","脊索動物門","Mammalia","哺乳綱","Artiodactyla","偶蹄目","Delphinidae","海豚科","Grampus","灰海豚屬"
"111年度臺灣鯨豚族群調查計畫","2022","08","10","目視調查","121.72714","23.88015","花蓮縣","種","弗氏海豚","弗氏海豚","Lagenodelphis hosei","","200-300","隻","Animalia","動物界","Chordata","脊索動物門","Mammalia","哺乳綱","Artiodactyla","偶蹄目","Delphinidae","海豚科","Lagenodelphis","沙撈越海豚屬"
"111年度臺灣鯨豚族群調查計畫","2022","08","10","目視調查","121.72714","23.88015","花蓮縣","種","瑞氏海豚","瑞氏海豚","Grampus griseus","","8-12","隻","Animalia","動物界","Chordata","脊索動物門","Mammalia","哺乳綱","Artiodactyla","偶蹄目","Delphinidae","海豚科","Grampus","灰海豚屬"
"111年度臺灣鯨豚族群調查計畫","2022","08","10","目視調查","121.66135","23.78734","花蓮縣","種","瑞氏海豚","瑞氏海豚","Grampus griseus","","20-30","隻","Animalia","動物界","Chordata","脊索動物門","Mammalia","哺乳綱","Artiodactyla","偶蹄目","Delphinidae","海豚科","Grampus","灰海豚屬"
"111年度臺灣鯨豚族群調查計畫","2022","08","10","目視調查","121.66135","23.78734","花蓮縣","種","弗氏海豚","弗氏海豚","Lagenodelphis hosei","","50-100","隻","Animalia","動物界","Chordata","脊索動物門","Mammalia","哺乳綱","Artiodactyla","偶蹄目","Delphinidae","海豚科","Lagenodelphis","沙撈越海豚屬"
"111年度臺灣鯨豚族群調查計畫","2022","08","10","目視調查","121.63709","23.77100","花蓮縣","種","熱帶斑海豚","熱帶斑海豚","Stenella attenuata","","40-50","隻","Animalia","動物界","Chordata","脊索動物門","Mammalia","哺乳綱","Artiodactyla","偶蹄目","Delphinidae","海豚科","Stenella","原海豚屬"
"111年度臺灣鯨豚族群調查計畫","2022","08","10","目視調查","121.60729","23.74672","花蓮縣","種","瑞氏海豚","瑞氏海豚","Grampus griseus","","10-12","隻","Animalia","動物界","Chordata","脊索動物門","Mammalia","哺乳綱","Artiodactyla","偶蹄目","Delphinidae","海豚科","Grampus","灰海豚屬"
"111年度臺灣鯨豚族群調查計畫","2022","08","10","目視調查","121.60760","23.74935","花蓮縣","目","未知鯨豚","未知鯨豚","Unknown","","無法判斷","隻","Animalia","動物界","Chordata","脊索動物門","Mammalia","哺乳綱","Artiodactyla","偶蹄目","","","",""
"111年度臺灣鯨豚族群調查計畫","2022","08","10","目視調查","121.59383","23.71321","花蓮縣","種","長吻飛旋海豚","長吻飛旋海豚","Stenella longirostris","","80-90","隻","Animalia","動物界","Chordata","脊索動物門","Mammalia","哺乳綱","Artiodactyla","偶蹄目","Delphinidae","海豚科","Stenella","原海豚屬"
"111年度臺灣鯨豚族群調查計畫","2022","08","10","目視調查","121.60787","23.73108","花蓮縣","種","瑞氏海豚","瑞氏海豚","Grampus griseus","","7-10","隻","Animalia","動物界","Chordata","脊索動物門","Mammalia","哺乳綱","Artiodactyla","偶蹄目","Delphinidae","海豚科","Grampus","灰海豚屬"
"111年度臺灣鯨豚族群調查計畫","2022","08","10","目視調查","121.60014","23.72109","花蓮縣","種","瑞氏海豚","瑞氏海豚","Grampus griseus","","15-25","隻","Animalia","動物界","Chordata","脊索動物門","Mammalia","哺乳綱","Artiodactyla","偶蹄目","Delphinidae","海豚科","Grampus","灰海豚屬"
"111年度臺灣鯨豚族群調查計畫","2022","08","10","目視調查","121.59689","23.70364","花蓮縣","種","瑞氏海豚","瑞氏海豚","Grampus griseus","","無法判斷","隻","Animalia","動物界","Chordata","脊索動物門","Mammalia","哺乳綱","Artiodactyla","偶蹄目","Delphinidae","海豚科","Grampus","灰海豚屬"
"111年度臺灣鯨豚族群調查計畫","2022","08","10","目視調查","121.61451","23.68666","花蓮縣","種","瑞氏海豚","瑞氏海豚","Grampus griseus","","8-10","隻","Animalia","動物界","Chordata","脊索動物門","Mammalia","哺乳綱","Artiodactyla","偶蹄目","Delphinidae","海豚科","Grampus","灰海豚屬"
"111年度臺灣鯨豚族群調查計畫","2022","08","10","目視調查","121.61497","23.68576","花蓮縣","目","未知鯨豚","未知鯨豚","Unknown","","無法判斷","隻","Animalia","動物界","Chordata","脊索動物門","Mammalia","哺乳綱","Artiodactyla","偶蹄目","","","",""
"111年度臺灣鯨豚族群調查計畫","2022","08","10","目視調查","121.63439","23.67007","花蓮縣","種","侏儒抹香鯨","侏儒抹香鯨","Kogia sima","","3","隻","Animalia","動物界","Chordata","脊索動物門","Mammalia","哺乳綱","Artiodactyla","偶蹄目","Kogiidae","小抹香鯨科","Kogia","小抹香鯨屬"
"111年度臺灣鯨豚族群調查計畫","2022","08","10","目視調查","121.59416","23.54397","花蓮縣","種","長吻飛旋海豚","長吻飛旋海豚","Stenella longirostris","","100-150","隻","Animalia","動物界","Chordata","脊索動物門","Mammalia","哺乳綱","Artiodactyla","偶蹄目","Delphinidae","海豚科","Stenella","原海豚屬"
"111年度臺灣鯨豚族群調查計畫","2022","08","12","目視調查","121.93874","24.53013","宜蘭縣","種","真瓶鼻海豚","真瓶鼻海豚","Tursiops truncatus","","30-40","隻","Animalia","動物界","Chordata","脊索動物門","Mammalia","哺乳綱","Artiodactyla","偶蹄目","Delphinidae","海豚科","Tursiops","寬吻海豚屬"
"111年度臺灣鯨豚族群調查計畫","2022","08","16","目視調查","121.54482","23.49206","臺東縣","種","瑞氏海豚","瑞氏海豚","Grampus griseus","","10-15","隻","Animalia","動物界","Chordata","脊索動物門","Mammalia","哺乳綱","Artiodactyla","偶蹄目","Delphinidae","海豚科","Grampus","灰海豚屬"
"111年度臺灣鯨豚族群調查計畫","2022","08","16","目視調查","121.65611","23.47630","臺東縣","種","侏儒抹香鯨","侏儒抹香鯨","Kogia sima","","3-4","隻","Animalia","動物界","Chordata","脊索動物門","Mammalia","哺乳綱","Artiodactyla","偶蹄目","Kogiidae","小抹香鯨科","Kogia","小抹香鯨屬"
"111年度臺灣鯨豚族群調查計畫","2022","08","16","目視調查","121.59950","23.42896","臺東縣","種","弗氏海豚","弗氏海豚","Lagenodelphis hosei","","350-400","隻","Animalia","動物界","Chordata","脊索動物門","Mammalia","哺乳綱","Artiodactyla","偶蹄目","Delphinidae","海豚科","Lagenodelphis","沙撈越海豚屬"
"111年度臺灣鯨豚族群調查計畫","2022","08","16","目視調查","121.58096","23.43393","臺東縣","種","瑞氏海豚","瑞氏海豚","Grampus griseus","","9-10","隻","Animalia","動物界","Chordata","脊索動物門","Mammalia","哺乳綱","Artiodactyla","偶蹄目","Delphinidae","海豚科","Grampus","灰海豚屬"
"111年度臺灣鯨豚族群調查計畫","2022","08","16","目視調查","121.54428","23.40957","臺東縣","種","瑞氏海豚","瑞氏海豚","Grampus griseus","","30-50","隻","Animalia","動物界","Chordata","脊索動物門","Mammalia","哺乳綱","Artiodactyla","偶蹄目","Delphinidae","海豚科","Grampus","灰海豚屬"
"111年度臺灣鯨豚族群調查計畫","2022","08","16","目視調查","121.56235","23.20933","臺東縣","種","瑞氏海豚","瑞氏海豚","Grampus griseus","","10-15","隻","Animalia","動物界","Chordata","脊索動物門","Mammalia","哺乳綱","Artiodactyla","偶蹄目","Delphinidae","海豚科","Grampus","灰海豚屬"
"111年度臺灣鯨豚族群調查計畫","2022","08","16","目視調查","121.46207","23.15153","臺東縣","種","熱帶斑海豚","熱帶斑海豚","Stenella attenuata","","60-80","隻","Animalia","動物界","Chordata","脊索動物門","Mammalia","哺乳綱","Artiodactyla","偶蹄目","Delphinidae","海豚科","Stenella","原海豚屬"
"111年度臺灣鯨豚族群調查計畫","2022","08","16","目視調查","121.46207","23.15153","臺東縣","種","長吻飛旋海豚","長吻飛旋海豚","Stenella longirostris","","100-150","隻","Animalia","動物界","Chordata","脊索動物門","Mammalia","哺乳綱","Artiodactyla","偶蹄目","Delphinidae","海豚科","Stenella","原海豚屬"
"111年度臺灣鯨豚族群調查計畫","2022","08","17","目視調查","121.55061","23.19211","臺東縣","目","未知鯨豚","未知鯨豚","Unknown","","無法判斷","隻","Animalia","動物界","Chordata","脊索動物門","Mammalia","哺乳綱","Artiodactyla","偶蹄目","","","",""
"111年度臺灣鯨豚族群調查計畫","2022","08","17","目視調查","121.54024","23.20168","臺東縣","目","未知鯨豚","未知鯨豚","Unknown","","1","隻","Animalia","動物界","Chordata","脊索動物門","Mammalia","哺乳綱","Artiodactyla","偶蹄目","","","",""
"111年度臺灣鯨豚族群調查計畫","2022","08","17","目視調查","121.50030","23.23122","臺東縣","種","熱帶斑海豚","熱帶斑海豚","Stenella attenuata","","150-200","隻","Animalia","動物界","Chordata","脊索動物門","Mammalia","哺乳綱","Artiodactyla","偶蹄目","Delphinidae","海豚科","Stenella","原海豚屬"
"111年度臺灣鯨豚族群調查計畫","2022","08","17","目視調查","121.47717","23.26559","臺東縣","科","喙鯨科","喙鯨科","Ziphiidae","","2-3","隻","Animalia","動物界","Chordata","脊索動物門","Mammalia","哺乳綱","Artiodactyla","偶蹄目","Ziphiidae","喙鯨科","",""
"111年度臺灣鯨豚族群調查計畫","2022","08","17","目視調查","121.50759","23.26448","臺東縣","種","瑞氏海豚","瑞氏海豚","Grampus griseus","","3-4","隻","Animalia","動物界","Chordata","脊索動物門","Mammalia","哺乳綱","Artiodactyla","偶蹄目","Delphinidae","海豚科","Grampus","灰海豚屬"
"111年度臺灣鯨豚族群調查計畫","2022","08","17","目視調查","121.53142","23.48067","臺東縣","種","長吻飛旋海豚","長吻飛旋海豚","Stenella longirostris","","300-400","隻","Animalia","動物界","Chordata","脊索動物門","Mammalia","哺乳綱","Artiodactyla","偶蹄目","Delphinidae","海豚科","Stenella","原海豚屬"
"111年度臺灣鯨豚族群調查計畫","2022","08","29","目視調查","121.56912","23.48244","花蓮縣","種","瑞氏海豚","瑞氏海豚","Grampus griseus","","10-15","隻","Animalia","動物界","Chordata","脊索動物門","Mammalia","哺乳綱","Artiodactyla","偶蹄目","Delphinidae","海豚科","Grampus","灰海豚屬"
"111年度臺灣鯨豚族群調查計畫","2022","08","29","目視調查","121.56912","23.48244","花蓮縣","種","弗氏海豚","弗氏海豚","Lagenodelphis hosei","","15-20","隻","Animalia","動物界","Chordata","脊索動物門","Mammalia","哺乳綱","Artiodactyla","偶蹄目","Delphinidae","海豚科","Lagenodelphis","沙撈越海豚屬"
"111年度臺灣鯨豚族群調查計畫","2022","08","29","目視調查","121.67471","23.49088","花蓮縣","種","侏儒抹香鯨","侏儒抹香鯨","Kogia sima","","1","隻","Animalia","動物界","Chordata","脊索動物門","Mammalia","哺乳綱","Artiodactyla","偶蹄目","Kogiidae","小抹香鯨科","Kogia","小抹香鯨屬"
"111年度臺灣鯨豚族群調查計畫","2022","08","29","目視調查","121.56057","23.61818","花蓮縣","種","長吻飛旋海豚","長吻飛旋海豚","Stenella longirostris","","200-250","隻","Animalia","動物界","Chordata","脊索動物門","Mammalia","哺乳綱","Artiodactyla","偶蹄目","Delphinidae","海豚科","Stenella","原海豚屬"
"111年度臺灣鯨豚族群調查計畫","2022","08","29","目視調查","121.60583","23.65332","花蓮縣","種","瑞氏海豚","瑞氏海豚","Grampus griseus","","12-15","隻","Animalia","動物界","Chordata","脊索動物門","Mammalia","哺乳綱","Artiodactyla","偶蹄目","Delphinidae","海豚科","Grampus","灰海豚屬"
"111年度臺灣鯨豚族群調查計畫","2022","08","29","目視調查","121.62015","23.65188","花蓮縣","種","瑞氏海豚","瑞氏海豚","Grampus griseus","","10-15","隻","Animalia","動物界","Chordata","脊索動物門","Mammalia","哺乳綱","Artiodactyla","偶蹄目","Delphinidae","海豚科","Grampus","灰海豚屬"
"111年度臺灣鯨豚族群調查計畫","2022","08","29","目視調查","121.62015","23.65188","花蓮縣","種","弗氏海豚","弗氏海豚","Lagenodelphis hosei","","100-150","隻","Animalia","動物界","Chordata","脊索動物門","Mammalia","哺乳綱","Artiodactyla","偶蹄目","Delphinidae","海豚科","Lagenodelphis","沙撈越海豚屬"
"111年度臺灣鯨豚族群調查計畫","2022","08","29","目視調查","121.66726","23.68446","花蓮縣","種","熱帶斑海豚","熱帶斑海豚","Stenella attenuata","","200-250","隻","Animalia","動物界","Chordata","脊索動物門","Mammalia","哺乳綱","Artiodactyla","偶蹄目","Delphinidae","海豚科","Stenella","原海豚屬"
"111年度臺灣鯨豚族群調查計畫","2022","08","29","目視調查","121.65510","23.79394","花蓮縣","目","未知鯨豚","未知鯨豚","Unknown","","無法判斷","隻","Animalia","動物界","Chordata","脊索動物門","Mammalia","哺乳綱","Artiodactyla","偶蹄目","","","",""
"111年度臺灣鯨豚族群調查計畫","2022","08","29","目視調查","121.63690","23.86005","花蓮縣","種","長吻飛旋海豚","長吻飛旋海豚","Stenella longirostris","","100-150","隻","Animalia","動物界","Chordata","脊索動物門","Mammalia","哺乳綱","Artiodactyla","偶蹄目","Delphinidae","海豚科","Stenella","原海豚屬"
"111年度臺灣鯨豚族群調查計畫","2022","08","29","目視調查","121.67909","23.87622","花蓮縣","種","熱帶斑海豚","熱帶斑海豚","Stenella attenuata","","100-150","隻","Animalia","動物界","Chordata","脊索動物門","Mammalia","哺乳綱","Artiodactyla","偶蹄目","Delphinidae","海豚科","Stenella","原海豚屬"
"111年度臺灣鯨豚族群調查計畫","2022","08","29","目視調查","121.68773","23.89090","花蓮縣","種","抹香鯨","抹香鯨","Physeter macrocephalus","","無法判斷","隻","Animalia","動物界","Chordata","脊索動物門","Mammalia","哺乳綱","Artiodactyla","偶蹄目","Physeteridae","抹香鯨科","Physeter","抹香鯨屬"
"111年度臺灣鯨豚族群調查計畫","2022","08","29","目視調查","121.72836","23.84229","花蓮縣","種","小抹香鯨","小抹香鯨","Kogia breviceps","","1","隻","Animalia","動物界","Chordata","脊索動物門","Mammalia","哺乳綱","Artiodactyla","偶蹄目","Kogiidae","小抹香鯨科","Kogia","小抹香鯨屬"
"111年度臺灣鯨豚族群調查計畫","2022","08","29","目視調查","121.62724","23.96967","花蓮縣","種","長吻飛旋海豚","長吻飛旋海豚","Stenella longirostris","","無法判斷","隻","Animalia","動物界","Chordata","脊索動物門","Mammalia","哺乳綱","Artiodactyla","偶蹄目","Delphinidae","海豚科","Stenella","原海豚屬"
"111年度臺灣鯨豚族群調查計畫","2022","08","30","目視調查","121.63263","23.93928","花蓮縣","種","長吻飛旋海豚","長吻飛旋海豚","Stenella longirostris","","180-250","隻","Animalia","動物界","Chordata","脊索動物門","Mammalia","哺乳綱","Artiodactyla","偶蹄目","Delphinidae","海豚科","Stenella","原海豚屬"
"111年度臺灣鯨豚族群調查計畫","2022","08","30","目視調查","121.77474","23.83484","花蓮縣","種","熱帶斑海豚","熱帶斑海豚","Stenella attenuata","","150-200","隻","Animalia","動物界","Chordata","脊索動物門","Mammalia","哺乳綱","Artiodactyla","偶蹄目","Delphinidae","海豚科","Stenella","原海豚屬"
"111年度臺灣鯨豚族群調查計畫","2022","08","30","目視調查","121.68479","23.79320","花蓮縣","種","小抹香鯨","小抹香鯨","Kogia breviceps","","2","隻","Animalia","動物界","Chordata","脊索動物門","Mammalia","哺乳綱","Artiodactyla","偶蹄目","Kogiidae","小抹香鯨科","Kogia","小抹香鯨屬"
"111年度臺灣鯨豚族群調查計畫","2022","08","30","目視調查","121.62040","23.67264","花蓮縣","種","瑞氏海豚","瑞氏海豚","Grampus griseus","","50-60","隻","Animalia","動物界","Chordata","脊索動物門","Mammalia","哺乳綱","Artiodactyla","偶蹄目","Delphinidae","海豚科","Grampus","灰海豚屬"
"111年度臺灣鯨豚族群調查計畫","2022","08","30","目視調查","121.55183","23.52561","花蓮縣","種","長吻飛旋海豚","長吻飛旋海豚","Stenella longirostris","","200-250","隻","Animalia","動物界","Chordata","脊索動物門","Mammalia","哺乳綱","Artiodactyla","偶蹄目","Delphinidae","海豚科","Stenella","原海豚屬"
"111年度臺灣鯨豚族群調查計畫","2022","08","30","目視調查","121.53613","23.51682","花蓮縣","種","小抹香鯨","小抹香鯨","Kogia breviceps","","2","隻","Animalia","動物界","Chordata","脊索動物門","Mammalia","哺乳綱","Artiodactyla","偶蹄目","Kogiidae","小抹香鯨科","Kogia","小抹香鯨屬"
"111年度臺灣鯨豚族群調查計畫","2022","08","30","目視調查","121.53858","23.50890","花蓮縣","種","瑞氏海豚","瑞氏海豚","Grampus griseus","","3","隻","Animalia","動物界","Chordata","脊索動物門","Mammalia","哺乳綱","Artiodactyla","偶蹄目","Delphinidae","海豚科","Grampus","灰海豚屬"
"111年度臺灣鯨豚族群調查計畫","2022","08","30","目視調查","121.50686","23.49549","花蓮縣","種","長吻飛旋海豚","長吻飛旋海豚","Stenella longirostris","","無法判斷","隻","Animalia","動物界","Chordata","脊索動物門","Mammalia","哺乳綱","Artiodactyla","偶蹄目","Delphinidae","海豚科","Stenella","原海豚屬"
"111年度臺灣鯨豚族群調查計畫","2022","09","16","目視調查","121.54452","23.13025","臺東縣","種","瑞氏海豚","瑞氏海豚","Grampus griseus","","5-7","隻","Animalia","動物界","Chordata","脊索動物門","Mammalia","哺乳綱","Artiodactyla","偶蹄目","Delphinidae","海豚科","Grampus","灰海豚屬"
"111年度臺灣鯨豚族群調查計畫","2022","09","16","目視調查","121.51112","23.22074","臺東縣","種","瑞氏海豚","瑞氏海豚","Grampus griseus","","8","隻","Animalia","動物界","Chordata","脊索動物門","Mammalia","哺乳綱","Artiodactyla","偶蹄目","Delphinidae","海豚科","Grampus","灰海豚屬"
"111年度臺灣鯨豚族群調查計畫","2022","09","16","目視調查","121.48978","23.27108","臺東縣","種","瑞氏海豚","瑞氏海豚","Grampus griseus","","40-50","隻","Animalia","動物界","Chordata","脊索動物門","Mammalia","哺乳綱","Artiodactyla","偶蹄目","Delphinidae","海豚科","Grampus","灰海豚屬"
"111年度臺灣鯨豚族群調查計畫","2022","09","16","目視調查","121.49967","23.27914","臺東縣","種","瑞氏海豚","瑞氏海豚","Grampus griseus","","8-10","隻","Animalia","動物界","Chordata","脊索動物門","Mammalia","哺乳綱","Artiodactyla","偶蹄目","Delphinidae","海豚科","Grampus","灰海豚屬"
"111年度臺灣鯨豚族群調查計畫","2022","09","16","目視調查","121.53444","23.31072","臺東縣","種","瑞氏海豚","瑞氏海豚","Grampus griseus","","7-9","隻","Animalia","動物界","Chordata","脊索動物門","Mammalia","哺乳綱","Artiodactyla","偶蹄目","Delphinidae","海豚科","Grampus","灰海豚屬"
"111年度臺灣鯨豚族群調查計畫","2022","09","16","目視調查","121.64715","23.38464","臺東縣","屬","小抹香鯨屬","小抹香鯨屬","Kogia spp.","","2-3","隻","Animalia","動物界","Chordata","脊索動物門","Mammalia","哺乳綱","Artiodactyla","偶蹄目","Delphinidae","海豚科","Kogia","小抹香鯨屬"
"111年度臺灣鯨豚族群調查計畫","2022","09","19","目視調查","121.53991","23.49858","花蓮縣","種","長吻飛旋海豚","長吻飛旋海豚","Stenella longirostris","","60-80","隻","Animalia","動物界","Chordata","脊索動物門","Mammalia","哺乳綱","Artiodactyla","偶蹄目","Delphinidae","海豚科","Stenella","原海豚屬"
"111年度臺灣鯨豚族群調查計畫","2022","09","19","目視調查","121.57537","23.58544","花蓮縣","種","長吻飛旋海豚","長吻飛旋海豚","Stenella longirostris","","50-100","隻","Animalia","動物界","Chordata","脊索動物門","Mammalia","哺乳綱","Artiodactyla","偶蹄目","Delphinidae","海豚科","Stenella","原海豚屬"
"111年度臺灣鯨豚族群調查計畫","2022","09","19","目視調查","121.66167","23.95526","花蓮縣","種","長吻飛旋海豚","長吻飛旋海豚","Stenella longirostris","","80-120","隻","Animalia","動物界","Chordata","脊索動物門","Mammalia","哺乳綱","Artiodactyla","偶蹄目","Delphinidae","海豚科","Stenella","原海豚屬"
"111年度臺灣鯨豚族群調查計畫","2022","09","28","目視調查","121.56627","23.49009","花蓮縣","屬","瓶鼻海豚","瓶鼻海豚","Tursiops spp.","","150-200","隻","Animalia","動物界","Chordata","脊索動物門","Mammalia","哺乳綱","Artiodactyla","偶蹄目","Delphinidae","海豚科","Tursiops","寬吻海豚屬"
"111年度臺灣鯨豚族群調查計畫","2022","09","28","目視調查","121.61036","23.53469","花蓮縣","種","弗氏海豚","弗氏海豚","Lagenodelphis hosei","","150-200","隻","Animalia","動物界","Chordata","脊索動物門","Mammalia","哺乳綱","Artiodactyla","偶蹄目","Delphinidae","海豚科","Lagenodelphis","沙撈越海豚屬"
"111年度臺灣鯨豚族群調查計畫","2022","09","28","目視調查","121.61036","23.53469","花蓮縣","種","瑞氏海豚","瑞氏海豚","Grampus griseus","","10-20","隻","Animalia","動物界","Chordata","脊索動物門","Mammalia","哺乳綱","Artiodactyla","偶蹄目","Delphinidae","海豚科","Grampus","灰海豚屬"
"111年度臺灣鯨豚族群調查計畫","2022","09","28","目視調查","121.63510","23.66824","花蓮縣","種","熱帶斑海豚","熱帶斑海豚","Stenella attenuata","","60-80","隻","Animalia","動物界","Chordata","脊索動物門","Mammalia","哺乳綱","Artiodactyla","偶蹄目","Delphinidae","海豚科","Stenella","原海豚屬"
"111年度臺灣鯨豚族群調查計畫","2022","09","28","目視調查","121.72082","23.91604","花蓮縣","種","熱帶斑海豚","熱帶斑海豚","Stenella attenuata","","80","隻","Animalia","動物界","Chordata","脊索動物門","Mammalia","哺乳綱","Artiodactyla","偶蹄目","Delphinidae","海豚科","Stenella","原海豚屬"
"111年度臺灣鯨豚族群調查計畫","2022","09","28","目視調查","121.70306","23.96411","花蓮縣","屬","瓶鼻海豚","瓶鼻海豚","Tursiops spp.","","120-200","隻","Animalia","動物界","Chordata","脊索動物門","Mammalia","哺乳綱","Artiodactyla","偶蹄目","Delphinidae","海豚科","Tursiops","寬吻海豚屬"
"111年度臺灣鯨豚族群調查計畫","2022","09","29","目視調查","121.63417","23.94540","花蓮縣","種","長吻飛旋海豚","長吻飛旋海豚","Stenella longirostris","","180-200","隻","Animalia","動物界","Chordata","脊索動物門","Mammalia","哺乳綱","Artiodactyla","偶蹄目","Delphinidae","海豚科","Stenella","原海豚屬"
"111年度臺灣鯨豚族群調查計畫","2022","09","29","目視調查","121.57633","23.72976","花蓮縣","屬","瓶鼻海豚","瓶鼻海豚","Tursiops spp.","","40-50","隻","Animalia","動物界","Chordata","脊索動物門","Mammalia","哺乳綱","Artiodactyla","偶蹄目","Delphinidae","海豚科","Tursiops","寬吻海豚屬"
"111年度臺灣鯨豚族群調查計畫","2022","09","29","目視調查","121.57017","23.52438","花蓮縣","種","瑞氏海豚","瑞氏海豚","Grampus griseus","","15-20","隻","Animalia","動物界","Chordata","脊索動物門","Mammalia","哺乳綱","Artiodactyla","偶蹄目","Delphinidae","海豚科","Grampus","灰海豚屬"
"111年度臺灣鯨豚族群調查計畫","2022","09","29","目視調查","121.55600","23.51779","花蓮縣","種","瑞氏海豚","瑞氏海豚","Grampus griseus","","16-18","隻","Animalia","動物界","Chordata","脊索動物門","Mammalia","哺乳綱","Artiodactyla","偶蹄目","Delphinidae","海豚科","Grampus","灰海豚屬"
"111年度臺灣鯨豚族群調查計畫","2022","09","30","目視調查","122.00790","25.41119","基隆市","屬","瓶鼻海豚","瓶鼻海豚","Tursiops spp.","","18-25","隻","Animalia","動物界","Chordata","脊索動物門","Mammalia","哺乳綱","Artiodactyla","偶蹄目","Delphinidae","海豚科","Tursiops","寬吻海豚屬"
"111年度臺灣鯨豚族群調查計畫","2022","10","26","目視調查","121.98817","24.86766","宜蘭縣","目","未知鯨豚","未知鯨豚","Unknown","","3","隻","Animalia","動物界","Chordata","脊索動物門","Mammalia","哺乳綱","Artiodactyla","偶蹄目","","","",""
